Date,Name,Year,Letterboxd URI
2024-05-16,Barbie,2023,https://boxd.it/bCLK
2024-05-16,Parasite,2019,https://boxd.it/hTha
2024-05-16,Everything Everywhere All at Once,2022,https://boxd.it/jUk4
2024-05-16,Spider-Man: Into the Spider-Verse,2018,https://boxd.it/azpY
2024-05-16,Midsommar,2019,https://boxd.it/jhxe
2024-05-16,Saltburn,2023,https://boxd.it/z4eg
2024-05-16,Spider-Man: Across the Spider-Verse,2023,https://boxd.it/kSz4
2024-05-16,Lady Bird,2017,https://boxd.it/dGNE
2024-05-16,Gone Girl,2014,https://boxd.it/6hQu
2024-05-16,Spirited Away,2001,https://boxd.it/2b4m
2024-05-16,Eternal Sunshine of the Spotless Mind,2004,https://boxd.it/6YK
2024-05-16,Black Swan,2010,https://boxd.it/Sw0
2024-05-16,Call Me by Your Name,2017,https://boxd.it/dYmm
2024-05-16,Wonka,2023,https://boxd.it/tCQm
2024-05-16,La La Land,2016,https://boxd.it/a5fa
2024-05-16,Damsel,2024,https://boxd.it/sFY2
2024-05-16,The Devil Wears Prada,2006,https://boxd.it/2awE
2024-05-16,Mean Girls,2004,https://boxd.it/1VNg
2024-05-16,Elemental,2023,https://boxd.it/ASiE
2024-05-16,Ponyo,2008,https://boxd.it/1S0A
2024-05-16,Migration,2023,https://boxd.it/ztfo
2024-05-16,Soul,2020,https://boxd.it/ioLA
2024-05-16,The Spider Within: A Spider-Verse Story,2023,https://boxd.it/FR76
2024-05-16,Your Name.,2016,https://boxd.it/cUqs
2024-05-16,Coco,2017,https://boxd.it/bYJQ
2024-05-16,Luca,2021,https://boxd.it/ipjC
2024-05-16,Spider-Man: No Way Home,2021,https://boxd.it/nwRw
2024-05-16,Avatar: The Way of Water,2022,https://boxd.it/2E2E
2024-05-16,Encanto,2021,https://boxd.it/kPRu
2024-05-16,Squid Game,2021,https://boxd.it/x1OG
2024-05-16,"Red, White & Royal Blue",2023,https://boxd.it/z3iG
2024-05-16,Do Revenge,2022,https://boxd.it/sFiA
2024-05-16,Uncharted,2022,https://boxd.it/b5Dy
2024-05-16,Onward,2020,https://boxd.it/io92
2024-05-16,Raya and the Last Dragon,2021,https://boxd.it/jbkI
2024-05-16,Fear Street: 1994,2021,https://boxd.it/lLBk
2024-05-16,Jurassic World Dominion,2022,https://boxd.it/ikXW
2024-05-16,Fear Street: 1978,2021,https://boxd.it/lLBu
2024-05-16,Taylor Swift: The Eras Tour,2023,https://boxd.it/HTIi
2024-05-16,All Too Well: The Short Film,2021,https://boxd.it/xTmc
2024-05-16,Happiest Season,2020,https://boxd.it/iS3I
2024-05-16,The Half of It,2020,https://boxd.it/m0T4
2024-05-16,Sing 2,2021,https://boxd.it/fAnE
2024-05-16,To All the Boys: P.S. I Still Love You,2020,https://boxd.it/kJny
2024-05-16,Family Switch,2023,https://boxd.it/u1nu
2024-05-16,Crush,2022,https://boxd.it/wuHW
2024-05-16,The Good Dinosaur,2015,https://boxd.it/3AD4
2024-05-16,When Marnie Was There,2014,https://boxd.it/78pm
2024-05-16,Howl's Moving Castle,2004,https://boxd.it/23De
2024-05-16,Finding Dory,2016,https://boxd.it/4aAA
2024-05-16,Paddington,2014,https://boxd.it/3RKw
2024-05-16,Tangled,2010,https://boxd.it/15gO
2024-05-16,Dead Poets Society,1989,https://boxd.it/2aSg
2024-05-16,Moana,2016,https://boxd.it/8tfY
2024-05-16,Interstellar,2014,https://boxd.it/4VZ8
2024-05-16,Past Lives,2023,https://boxd.it/oNB8
2024-05-16,Pride & Prejudice,2005,https://boxd.it/24u8
2024-05-16,Avengers: Endgame,2019,https://boxd.it/9vE4
2024-05-16,Avengers: Infinity War,2018,https://boxd.it/9vEe
2024-05-16,Little Women,2019,https://boxd.it/aSVk
2024-05-16,Jojo Rabbit,2019,https://boxd.it/iEBG
2024-05-16,Baby Driver,2017,https://boxd.it/bhF2
2024-05-16,Inside Out,2015,https://boxd.it/4KHC
2024-05-16,Spider-Man: Homecoming,2017,https://boxd.it/aboM
2024-05-16,Deadpool,2016,https://boxd.it/9fOC
2024-05-16,Spider-Man: Far From Home,2019,https://boxd.it/fegG
2024-05-16,Portrait of a Lady on Fire,2019,https://boxd.it/jkPq
2024-05-16,It,2017,https://boxd.it/bC8e
2024-05-16,Harry Potter and the Deathly Hallows: Part 1,2010,https://boxd.it/1RYu
2024-05-16,Ant-Man,2015,https://boxd.it/3vmW
2024-05-16,Zootopia,2016,https://boxd.it/84xS
2024-05-16,Deadpool 2,2018,https://boxd.it/dlLM
2024-05-16,Booksmart,2019,https://boxd.it/igNS
2024-05-16,The Handmaiden,2016,https://boxd.it/948A
2024-05-16,Train to Busan,2016,https://boxd.it/dSQU
2024-05-16,Ant-Man and the Wasp,2018,https://boxd.it/cqUW
2024-05-16,Fantastic Beasts and Where to Find Them,2016,https://boxd.it/7FPC
2024-05-16,The Greatest Showman,2017,https://boxd.it/acjI
2024-05-16,Ocean's Eight,2018,https://boxd.it/eaai
2024-05-16,Jurassic World,2015,https://boxd.it/4n0g
2024-05-16,Crazy Rich Asians,2018,https://boxd.it/gfnK
2024-05-16,Life of Pi,2012,https://boxd.it/37pC
2024-05-16,Jumanji: Welcome to the Jungle,2017,https://boxd.it/bUeE
2024-05-16,Shazam!,2019,https://boxd.it/8WBu
2024-05-16,Aquaman,2018,https://boxd.it/9ru0
2024-05-16,The Maze Runner,2014,https://boxd.it/5YPM
2024-05-16,Megamind,2010,https://boxd.it/16Sk
2024-05-16,To All the Boys I've Loved Before,2018,https://boxd.it/gHec
2024-05-16,Paddington 2,2017,https://boxd.it/bCF8
2024-05-16,Me Before You,2016,https://boxd.it/9n98
2024-05-16,Mamma Mia! Here We Go Again,2018,https://boxd.it/gnfO
2024-05-16,Jurassic World: Fallen Kingdom,2018,https://boxd.it/bOnU
2024-05-16,Pokémon Detective Pikachu,2019,https://boxd.it/fVA0
2024-05-16,Divergent,2014,https://boxd.it/4VT0
2024-05-16,Aladdin,2019,https://boxd.it/eSjy
2024-05-16,20th Century Women,2016,https://boxd.it/bqU6
2024-05-16,Passengers,2016,https://boxd.it/8lFu
2024-05-16,Jumanji: The Next Level,2019,https://boxd.it/ixu4
2024-05-16,The Meg,2018,https://boxd.it/bAL4
2024-05-16,Cinderella,2015,https://boxd.it/4KX6
2024-05-16,Gerald's Game,2017,https://boxd.it/buKa
2024-05-16,Life,2017,https://boxd.it/dRqG
2024-05-16,Pixels,2015,https://boxd.it/7BaA
2024-05-16,Escape Room,2019,https://boxd.it/iYlS
2024-05-16,The Fallout,2021,https://boxd.it/tViI
2024-05-16,(500) Days of Summer,2009,https://boxd.it/1EmM
2024-05-16,The Map of Tiny Perfect Things,2021,https://boxd.it/p3O8
2024-05-16,All the Bright Places,2020,https://boxd.it/bpfQ
2024-05-16,Jennifer's Body,2009,https://boxd.it/1Efw
2024-05-16,Five Feet Apart,2019,https://boxd.it/jaAK
2024-05-16,Fear Street: 1666,2021,https://boxd.it/lLBE
2024-05-16,Words on Bathroom Walls,2020,https://boxd.it/j1iW
2024-05-16,12th Fail,2023,https://boxd.it/I1sM
2024-05-16,Chungking Express,1994,https://boxd.it/1UDa
2024-05-16,Donnie Darko,2001,https://boxd.it/2b2A
2024-05-16,Finding Nemo,2003,https://boxd.it/72i
2024-05-16,Kung Fu Panda,2008,https://boxd.it/1Yws
2024-05-16,Up,2009,https://boxd.it/1OEc
2024-05-16,Stand by Me,1986,https://boxd.it/2aOe
2024-05-16,Ratatouille,2007,https://boxd.it/27ww
2024-05-16,Atonement,2007,https://boxd.it/24ui
2024-05-16,Thelma & Louise,1991,https://boxd.it/28Ew
2024-05-16,Titanic,1997,https://boxd.it/2a2k
2024-05-17,Black Panther: Wakanda Forever,2022,https://boxd.it/igPu
2024-05-17,Smile,2022,https://boxd.it/xjfE
2024-05-17,Venom: Let There Be Carnage,2021,https://boxd.it/llco
2024-05-17,Zombieland: Double Tap,2019,https://boxd.it/bgb6
2024-05-17,Venom,2018,https://boxd.it/b8wA
2024-05-17,Hairspray Live!,2016,https://boxd.it/eq5e
2024-05-17,Fifty Shades Darker,2017,https://boxd.it/bm2E
2024-05-17,The Intern,2015,https://boxd.it/7AOE
2024-05-17,San Andreas,2015,https://boxd.it/7sUa
2024-05-17,Minions,2015,https://boxd.it/6jCO
2024-05-17,Big Hero 6,2014,https://boxd.it/5rje
2024-05-17,Guardians of the Galaxy,2014,https://boxd.it/3VH2
2024-05-17,Jurassic Park,1993,https://boxd.it/2aA2
2024-05-17,The Lost World: Jurassic Park,1997,https://boxd.it/2azS
2024-05-17,Jurassic Park III,2001,https://boxd.it/2azI
2024-05-17,Harry Potter and the Half-Blood Prince,2009,https://boxd.it/29FU
2024-05-17,Harry Potter and the Prisoner of Azkaban,2004,https://boxd.it/29Qy
2024-05-17,Harry Potter and the Order of the Phoenix,2007,https://boxd.it/29Qe
2024-05-17,Harry Potter and the Deathly Hallows: Part 2,2011,https://boxd.it/1RYk
2024-05-17,Harry Potter and the Philosopher's Stone,2001,https://boxd.it/29QS
2024-05-17,Harry Potter and the Goblet of Fire,2005,https://boxd.it/29Qo
2024-05-17,Harry Potter and the Chamber of Secrets,2002,https://boxd.it/29QI
2024-05-17,Fantastic Beasts: The Crimes of Grindelwald,2018,https://boxd.it/bg8G
2024-05-17,Toy Story,1995,https://boxd.it/29qA
2024-05-17,Toy Story 2,1999,https://boxd.it/29qq
2024-05-17,Toy Story 3,2010,https://boxd.it/1WRe
2024-05-17,Toy Story 4,2019,https://boxd.it/9ALu
2024-05-17,Spider-Man,2002,https://boxd.it/2a8i
2024-05-17,Spider-Man 2,2004,https://boxd.it/2a88
2024-05-17,Spider-Man 3,2007,https://boxd.it/2a7Y
2024-05-17,The Amazing Spider-Man,2012,https://boxd.it/27PI
2024-05-17,The Amazing Spider-Man 2,2014,https://boxd.it/3utM
2024-05-17,Shrek,2001,https://boxd.it/29zi
2024-05-17,Shrek 2,2004,https://boxd.it/29z8
2024-05-17,Shrek the Third,2007,https://boxd.it/29yY
2024-05-17,The Sun Is Also a Star,2019,https://boxd.it/ioSG
2024-05-20,Inception,2010,https://boxd.it/1skk
2024-05-23,Challengers,2024,https://boxd.it/zld0
2024-05-23,The Lovely Bones,2009,https://boxd.it/20IA
2024-05-23,Underwater,2020,https://boxd.it/fN4q
2024-05-23,Ocean Waves,1993,https://boxd.it/1CtQ
2024-05-23,Sister Act,1992,https://boxd.it/27EA
2024-05-23,Sister Act 2: Back in the Habit,1993,https://boxd.it/21Qq
2024-05-23,3 Idiots,2009,https://boxd.it/1Dsa
2024-05-23,The Parent Trap,1998,https://boxd.it/1XJq
2024-05-23,"Monsters, Inc.",2001,https://boxd.it/2a46
2024-05-23,How to Train Your Dragon,2010,https://boxd.it/1WRy
2024-05-23,White Chicks,2004,https://boxd.it/1SpK
2024-05-28,The Idea of You,2024,https://boxd.it/vOW6
2024-05-28,Midnight in Paris,2011,https://boxd.it/i4a
2024-05-28,The Fall Guy,2024,https://boxd.it/s0Bm
2024-05-28,A Quiet Place,2018,https://boxd.it/fVJQ
2024-05-28,Marcel the Shell with Shoes On,2021,https://boxd.it/wMAk
2024-05-28,Abominable,2019,https://boxd.it/fiPq
2024-05-29,School of Rock,2003,https://boxd.it/28xK
2024-05-29,Free Willy,1993,https://boxd.it/28qO
2024-05-29,The Sound of Music,1965,https://boxd.it/1MLK
2024-05-29,Matilda,1996,https://boxd.it/1VhY
2024-05-29,Maleficent,2014,https://boxd.it/3v1u
2024-05-29,"Honey, I Shrunk the Kids",1989,https://boxd.it/1YTw
2024-05-29,Night at the Museum,2006,https://boxd.it/28wi
2024-05-29,Stuart Little,1999,https://boxd.it/1WZW
2024-05-29,Alice in Wonderland,2010,https://boxd.it/1Spq
2024-05-29,Zathura: A Space Adventure,2005,https://boxd.it/21mq
2024-05-29,Escape Room: Tournament of Champions,2021,https://boxd.it/lwCM
2024-05-29,You Can Live Forever,2022,https://boxd.it/xvlk
2024-05-29,Ammonite,2020,https://boxd.it/kQpQ
2024-06-03,My Neighbor Totoro,1988,https://boxd.it/20eA
2024-06-03,Gravity,2013,https://boxd.it/GZY
2024-06-03,Cruella,2021,https://boxd.it/bbKg
2024-06-03,To All the Boys: Always and Forever,2021,https://boxd.it/mI1A
2024-06-03,Cloudy with a Chance of Meatballs 2,2013,https://boxd.it/3GMw
2024-06-03,Charlie's Angels,2000,https://boxd.it/24v6
2024-06-04,Blue,2002,https://boxd.it/3q1k
2024-06-09,The Impossible,2012,https://boxd.it/2N9k
2024-06-09,Bottoms,2023,https://boxd.it/uGf2
2024-06-15,Oppenheimer,2023,https://boxd.it/wUow
2024-06-15,Shiva Baby,2020,https://boxd.it/oIv0
2024-06-17,Dune,2021,https://boxd.it/fA7G
2024-06-17,Dune: Part Two,2024,https://boxd.it/pUfA
2024-06-27,I Saw the TV Glow,2024,https://boxd.it/woVe
2024-06-27,Carol,2015,https://boxd.it/7DPK
2024-07-06,The Princess Diaries,2001,https://boxd.it/1XCO
2024-07-07,The Princess Diaries 2: Royal Engagement,2004,https://boxd.it/1UyY
2024-07-08,Never on Sunday,1960,https://boxd.it/VrM
2024-07-08,Fantastic Mr. Fox,2009,https://boxd.it/1WyQ
2024-07-14,The Perks of Being a Wallflower,2012,https://boxd.it/2ZA8
2024-07-15,A Quiet Place: Day One,2024,https://boxd.it/sDAi
2024-07-15,Moonrise Kingdom,2012,https://boxd.it/2Wng
2024-07-16,Pearl,2022,https://boxd.it/zPbe
2024-07-17,Puparia,2020,https://boxd.it/sNym
2024-07-17,X,2022,https://boxd.it/sxVa
2024-07-18,"Shingo Tamagawa - Three Minutes, Three Years: Making Puparia",2021,https://boxd.it/EsAg
2024-07-18,I Used to Be Funny,2023,https://boxd.it/yzvU
2024-07-21,Puss in Boots: The Last Wish,2022,https://boxd.it/aaie
2024-07-21,Emma.,2020,https://boxd.it/kmg0
2024-07-22,Before Sunrise,1995,https://boxd.it/2bcU
2024-07-23,Bones and All,2022,https://boxd.it/tLd4
2024-07-23,Bodies Bodies Bodies,2022,https://boxd.it/iRcE
2024-07-27,The Holdovers,2023,https://boxd.it/vHza
2024-07-29,The Edge of Seventeen,2016,https://boxd.it/d5nu
2024-07-31,Nope,2022,https://boxd.it/sDCe
2024-08-04,Passengers,2008,https://boxd.it/1P4E
2024-08-09,Shark Tale,2004,https://boxd.it/1VYe
2024-08-12,Kiki's Delivery Service,1989,https://boxd.it/1JAY
2024-08-18,It Ends with Us,2024,https://boxd.it/ENjg
2024-08-19,Twisters,2024,https://boxd.it/qV7a
2024-08-29,Weathering with You,2019,https://boxd.it/kPxE
2024-09-17,Mean Girls,2024,https://boxd.it/p6nO
2024-09-26,Minions: The Rise of Gru,2022,https://boxd.it/fz9w
2024-09-27,Juno,2007,https://boxd.it/210a
2024-09-27,Anyone But You,2023,https://boxd.it/EzA8
2024-09-29,Legally Blonde,2001,https://boxd.it/1ZNa
2024-10-17,Arrival,2016,https://boxd.it/aNGk
2024-10-18,Inside Out 2,2024,https://boxd.it/CFrC
2024-10-18,Ready or Not,2019,https://boxd.it/kOf0
2024-10-18,Avatar,2009,https://boxd.it/1Efm
2024-10-21,The Wild Robot,2024,https://boxd.it/IWFy
2024-10-22,A.I. Artificial Intelligence,2001,https://boxd.it/29Ve
2024-10-23,Ex Machina,2015,https://boxd.it/7T2k
2024-10-28,Ad Astra,2019,https://boxd.it/ePzI
2024-10-28,Gnomeo & Juliet,2011,https://boxd.it/OKi
2024-10-28,Cars 2,2011,https://boxd.it/H4Y
2024-10-28,The Muppets,2011,https://boxd.it/1zg
2024-10-28,Brave,2012,https://boxd.it/bVG
2024-10-28,Frankenweenie,2012,https://boxd.it/bPS
2024-10-28,Wreck-It Ralph,2012,https://boxd.it/2TTS
2024-10-28,Santa Paws 2: The Santa Pups,2012,https://boxd.it/4xVQ
2024-10-28,Monsters University,2013,https://boxd.it/bQm
2024-10-28,Planes,2013,https://boxd.it/4Na2
2024-10-28,Frozen,2013,https://boxd.it/3GNa
2024-10-28,Planes: Fire & Rescue,2014,https://boxd.it/6uXI
2024-10-28,The BFG,2016,https://boxd.it/81cs
2024-10-28,Alice Through the Looking Glass,2016,https://boxd.it/75Yo
2024-10-28,The Jungle Book,2016,https://boxd.it/8wjk
2024-10-28,Pete's Dragon,2016,https://boxd.it/9hza
2024-10-28,Dangal,2016,https://boxd.it/chfU
2024-10-28,Beauty and the Beast,2017,https://boxd.it/ar0c
2024-10-28,Cars 3,2017,https://boxd.it/7IPq
2024-10-28,A Wrinkle in Time,2018,https://boxd.it/el46
2024-10-28,Incredibles 2,2018,https://boxd.it/7IPg
2024-10-28,Ralph Breaks the Internet,2018,https://boxd.it/edAy
2024-10-28,Dumbo,2019,https://boxd.it/aNYI
2024-10-28,The Lion King,2019,https://boxd.it/eSjI
2024-10-28,Frozen II,2019,https://boxd.it/aPvo
2024-10-28,Maleficent: Mistress of Evil,2019,https://boxd.it/eSig
2024-10-28,Noelle,2019,https://boxd.it/gdzE
2024-11-11,Imagine Me & You,2005,https://boxd.it/28E2
2024-11-15,Song of the Sea,2014,https://boxd.it/3Ic6
2024-11-15,Dolittle,2020,https://boxd.it/fXEy
2024-11-15,Spies in Disguise,2019,https://boxd.it/fjf4
2024-11-15,The Secret Life of Pets 2,2019,https://boxd.it/ewPM
2024-11-15,Hairspray,2007,https://boxd.it/261M
2024-11-15,Geostorm,2017,https://boxd.it/8lC6
2024-11-16,Glass Onion,2022,https://boxd.it/oCkK
2024-11-16,Ready Player One,2018,https://boxd.it/aZes
2024-11-17,Tenet,2020,https://boxd.it/leq4
2024-12-03,Home Alone,1990,https://boxd.it/29Fg
2024-12-03,Home Alone 2: Lost in New York,1992,https://boxd.it/29F6
2024-12-21,Smile 2,2024,https://boxd.it/FDA4
2024-12-25,The Babadook,2014,https://boxd.it/77xu
2024-12-26,That Christmas,2024,https://boxd.it/nYLG
2024-12-31,A Boy Called Christmas,2021,https://boxd.it/mLcw
2025-01-01,Moana 2,2024,https://boxd.it/LcjW
2025-01-04,Longlegs,2024,https://boxd.it/KzLM
2025-01-04,The Zookeeper's Wife,2017,https://boxd.it/91Kc
2025-01-04,Ice Age: Continental Drift,2012,https://boxd.it/lQ2
2025-01-04,Rio,2011,https://boxd.it/NKc
2025-01-04,Hotel Transylvania 3: Summer Vacation,2018,https://boxd.it/e1zI
2025-01-08,Like Stars on Earth,2007,https://boxd.it/20SA
2025-01-08,PK,2014,https://boxd.it/9q1G
2025-01-08,Queen,2013,https://boxd.it/7gjQ
2025-01-08,Student Of The Year,2012,https://boxd.it/4rkY
2025-01-08,Chak De! India,2007,https://boxd.it/1ODI
2025-01-08,Dunki,2023,https://boxd.it/Ahr0
2025-01-11,Shutter Island,2010,https://boxd.it/1U82
2025-01-17,A Quiet Place Part II,2020,https://boxd.it/iTx0
2025-01-17,The Hustle,2019,https://boxd.it/g1ju
2025-01-19,Ant-Man and the Wasp: Quantumania,2023,https://boxd.it/nL2y
2025-01-21,Us,2019,https://boxd.it/gnV6
2025-01-22,Lost in Translation,2003,https://boxd.it/2b0E
2025-01-23,Wicked,2024,https://boxd.it/e8ME
2025-01-25,In the Mood for Love,2000,https://boxd.it/29tE
2025-01-26,Nosferatu,2024,https://boxd.it/f5eG
2025-01-27,Flow,2024,https://boxd.it/v1Ei
2025-01-28,Anora,2024,https://boxd.it/Egcw
2025-01-28,The Pianist,2002,https://boxd.it/2aqc
2025-02-02,A Real Pain,2024,https://boxd.it/CjNG
2025-02-05,Notting Hill,1999,https://boxd.it/2aeK
2025-02-11,Despicable Me 4,2024,https://boxd.it/iOLG
2025-02-22,Queer,2024,https://boxd.it/E4RW
2025-02-28,Babygirl,2024,https://boxd.it/Fvai
2025-03-01,A Complete Unknown,2024,https://boxd.it/oBYa
2025-03-01,The Substance,2024,https://boxd.it/zanS
2025-03-02,Conclave,2024,https://boxd.it/AO8q
2025-03-02,Emilia Pérez,2024,https://boxd.it/AP3G
2025-03-02,Argylle,2024,https://boxd.it/w1kk
2025-03-02,Black Panther,2018,https://boxd.it/8MHs
2025-03-02,Wonder Woman,2017,https://boxd.it/9roG
2025-03-02,The Pursuit of Happyness,2006,https://boxd.it/28PE
2025-03-02,Men in Black,1997,https://boxd.it/2a0I
2025-03-02,Guardians of the Galaxy Vol. 3,2023,https://boxd.it/fVNI
2025-03-02,Air Force One,1997,https://boxd.it/1XQw
2025-03-02,Indiana Jones and the Last Crusade,1989,https://boxd.it/2baO
2025-03-02,The Karate Kid,1984,https://boxd.it/27Wk
2025-03-02,The Social Network,2010,https://boxd.it/17ue
2025-03-02,Forrest Gump,1994,https://boxd.it/728
2025-03-02,WALL·E,2008,https://boxd.it/1VEo
2025-03-02,Jumanji,1995,https://boxd.it/1ZLI
2025-03-02,Dawn of the Planet of the Apes,2014,https://boxd.it/3XyQ
2025-03-02,War for the Planet of the Apes,2017,https://boxd.it/8FE2
2025-03-02,Elf,2003,https://boxd.it/1VyK
2025-03-02,Rango,2011,https://boxd.it/QPk
2025-03-02,Raiders of the Lost Ark,1981,https://boxd.it/2bbs
2025-03-02,The Incredibles,2004,https://boxd.it/1XLm
2025-03-02,The Lion King,1994,https://boxd.it/201Q
2025-03-02,Aladdin,1992,https://boxd.it/29yE
2025-03-02,Despicable Me,2010,https://boxd.it/1DD8
2025-03-02,Madagascar,2005,https://boxd.it/29dc
2025-03-02,Ice Age,2002,https://boxd.it/2apS
2025-03-02,The Mitchells vs. the Machines,2021,https://boxd.it/i7xm
2025-03-02,The Road to El Dorado,2000,https://boxd.it/1W6s
2025-03-02,Brother Bear,2003,https://boxd.it/1Xjs
2025-03-02,Spirit: Stallion of the Cimarron,2002,https://boxd.it/1Zmo
2025-03-02,Rise of the Planet of the Apes,2011,https://boxd.it/cS4
2025-03-02,A Bug's Life,1998,https://boxd.it/1Yyy
2025-03-02,Cars,2006,https://boxd.it/29ho
2025-03-03,Knives Out,2019,https://boxd.it/jWEA
2025-03-05,Nickel Boys,2024,https://boxd.it/CStQ
2025-03-06,How to Lose a Guy in 10 Days,2003,https://boxd.it/1XwG
2025-03-10,Game Night,2018,https://boxd.it/fRtu
2025-03-11,Clocked,2023,https://boxd.it/FTzQ
2025-03-15,Drive-Away Dolls,2024,https://boxd.it/A8vi
2025-03-17,Fall,2022,https://boxd.it/Bf6G
2025-03-21,Appalachian Dog,2025,https://boxd.it/RlMq
2025-04-04,Enter The Room,2022,https://boxd.it/GL8k
2025-04-04,Show Pony,2022,https://boxd.it/BzAc
2025-04-04,Brighter Days Ahead,2025,https://boxd.it/Tyru
2025-04-07,The House Bunny,2008,https://boxd.it/1RyG
2025-04-09,Opus,2025,https://boxd.it/JBMA
2025-04-10,Waves,2019,https://boxd.it/jpmy
2025-04-10,One of Them Days,2025,https://boxd.it/MReU
2025-04-11,We Live in Time,2024,https://boxd.it/FC5u
2025-04-12,The Secret Life of Walter Mitty,2013,https://boxd.it/3SWy
2025-04-13,Clueless,1995,https://boxd.it/1Ygk
2025-04-13,Hidden Figures,2016,https://boxd.it/dgS4
2025-04-15,The Boy and the Heron,2023,https://boxd.it/ipeM
2025-04-15,Novocaine,2025,https://boxd.it/JmdA
2025-04-16,Adolescence,2025,https://boxd.it/TFGw
2025-04-30,Sinners,2025,https://boxd.it/KQMM
2025-05-01,Her,2013,https://boxd.it/4O24
2025-05-01,Look Back,2024,https://boxd.it/LjA6
2025-05-03,Hereditary,2018,https://boxd.it/hNVe
2025-05-05,The Twilight Saga: New Moon,2009,https://boxd.it/1Hj2
2025-05-05,The Grinch,2018,https://boxd.it/chpK
2025-05-05,Rio 2,2014,https://boxd.it/5jfy
2025-05-05,Saturday Night,2024,https://boxd.it/Gpfo
2025-05-06,When Life Gives You Tangerines,2025,https://boxd.it/TRlA
2025-05-08,La Chimera,2023,https://boxd.it/vzVi
2025-05-09,Am I OK?,2022,https://boxd.it/nPqY
2025-05-11,Black Widow,2021,https://boxd.it/hWV8
2025-05-12,Over the Hedge,2006,https://boxd.it/20QY
2025-05-13,Charlie's Angels,2019,https://boxd.it/gogo
2025-05-13,Thunderbolts*,2025,https://boxd.it/BfbQ
2025-05-13,Jab Harry Met Sejal,2017,https://boxd.it/fInW
2025-05-14,Death of a Unicorn,2025,https://boxd.it/HCPm
2025-05-15,The Emoji Movie,2017,https://boxd.it/d9x4
2025-05-15,The Blue Elephant,2006,https://boxd.it/1Kqq
2025-05-15,From Up on Poppy Hill,2011,https://boxd.it/2VCa
2025-05-16,Young Adult Matters,2020,https://boxd.it/oZf4
2025-05-17,Euphoria: F*ck Anyone Who’s Not a Sea Blob,2021,https://boxd.it/tMkU
2025-05-17,Euphoria: Trouble Don't Last Always,2020,https://boxd.it/ta4a
2025-05-17,Normal People,2020,https://boxd.it/q2VY
2025-05-18,V for Vendetta,2005,https://boxd.it/29Ik
2025-05-18,Walampoori: Seven and a Half Dreams,2025,https://boxd.it/RtNQ
2025-05-22,Below Her Mouth,2016,https://boxd.it/cQVQ
2025-05-26,Mickey 17,2025,https://boxd.it/q1Dk
2025-05-26,Gangubai Kathiawadi,2022,https://boxd.it/oJek
2025-05-26,Bimba Devi Alias Yashodhara,2018,https://boxd.it/j6g2
2025-05-28,How to Train Your Dragon 2,2014,https://boxd.it/2TRW
2025-05-29,Scream,2022,https://boxd.it/o0lg
2025-05-30,Once Upon a Time... in Hollywood,2019,https://boxd.it/gH0O
2025-05-30,Days of Being Wild,1990,https://boxd.it/1HbC
2025-05-30,The Royal Tenenbaums,2001,https://boxd.it/1YHU
2025-05-31,The Grand Budapest Hotel,2014,https://boxd.it/3ZqO
2025-05-31,Surf's Up,2007,https://boxd.it/1YKY
2025-06-03,Easy A,2010,https://boxd.it/17DK
2025-06-03,Zombieland,2009,https://boxd.it/1En6
2025-06-03,Friends with Benefits,2011,https://boxd.it/DoK
2025-06-04,The Darjeeling Limited,2007,https://boxd.it/24as
2025-06-06,Devi Kusumasana,2025,https://boxd.it/Voea
2025-06-09,Columbus,2017,https://boxd.it/eCuA
2025-06-09,Kung Fu Panda 2,2011,https://boxd.it/G36
2025-06-10,But I'm a Cheerleader,1999,https://boxd.it/1CW4
2025-06-11,D.E.B.S.,2004,https://boxd.it/2aaS
2025-06-13,Saving Face,2004,https://boxd.it/1Fj0
2025-06-14,I Can't Think Straight,2008,https://boxd.it/1jAI
2025-06-16,"Love, Simon",2018,https://boxd.it/g02s
2025-06-17,Lost in Starlight,2025,https://boxd.it/I6Yo
2025-06-18,Shiva Baby,2018,https://boxd.it/ieIc
2025-06-24,KPop Demon Hunters,2025,https://boxd.it/ufwK
2025-06-25,Close,2022,https://boxd.it/y4qa
2025-06-26,Bound,1996,https://boxd.it/1Z1g
2025-06-27,How to Train Your Dragon,2025,https://boxd.it/F7Je
2025-07-03,"The French Dispatch of the Liberty, Kansas Evening Sun",2021,https://boxd.it/jLP8
2025-07-06,Turning Red,2022,https://boxd.it/ipkq
2025-07-09,Y Tu Mamá También,2001,https://boxd.it/28QM
2025-07-10,Punch-Drunk Love,2002,https://boxd.it/20E4
2025-07-12,Asteroid City,2023,https://boxd.it/s3ds
2025-07-12,The Wind Rises,2013,https://boxd.it/4JQS
2025-07-13,Jurassic World Rebirth,2025,https://boxd.it/KUeE
2025-07-13,Beautiful Boy,2018,https://boxd.it/g76Q
2025-07-17,The Florida Project,2017,https://boxd.it/dMG0
2025-07-18,Moonlight,2016,https://boxd.it/d6bE
2025-07-22,Superman,2025,https://boxd.it/E9IU
2025-07-24,Charlie and the Chocolate Factory,2005,https://boxd.it/2b68
2025-07-28,10 Things I Hate About You,1999,https://boxd.it/23AO
2025-07-28,Frances Ha,2012,https://boxd.it/41Xg
2025-07-28,Fifty Shades Freed,2018,https://boxd.it/bb5C
2025-07-29,Batman,1989,https://boxd.it/2aIU
2025-07-30,On the Beach at Night Alone,2017,https://boxd.it/fqEK
2025-09-03,Decision to Leave,2022,https://boxd.it/qp9e
2025-09-03,The Fantastic 4: First Steps,2025,https://boxd.it/mP6C
2025-11-03,Twilight,2008,https://boxd.it/1Zui
2025-11-03,Clarence: Rhythm of the Guitar,2025,https://boxd.it/VM6k
2025-11-03,Weapons,2025,https://boxd.it/EMTM
2025-11-03,Love Lies Bleeding,2024,https://boxd.it/zN4q
2025-11-03,Grave of the Fireflies,1988,https://boxd.it/1RUM
2025-11-03,The Conjuring: Last Rites,2025,https://boxd.it/Dh8e
2025-11-12,Regretting You,2025,https://boxd.it/OGKY
